Model,CV_Mean,CV_Std,CV_Fold_1,CV_Fold_2,CV_Fold_3,CV_Fold_4,CV_Fold_5,Val_Accuracy,Val_Precision,Val_Recall,Val_F1,Val_ROC_AUC
Logistic Regression,0.5554400023287384,0.0008915617435306252,0.5565298292623578,0.5552103979591223,0.5552355222180995,0.5562250461038933,0.553999216100219,0.6192237757853157,1.0,0.00011760278483394487,0.00023517791209049646,0.5287350267124484
Random Forest,0.754233269813637,0.0013069962784347513,0.7567542569312017,0.7539174015285913,0.7534727833672498,0.7530291722707259,0.7539927349704161,0.6191789901740369,0.0,0.0,0.0,0.4947514089955847
Naive Bayes,0.5343014818536582,0.0021362404226603305,0.5309654673220466,0.5327867410918419,0.5367960335727289,0.5359243011159731,0.5350348661657005,0.3808210098259631,0.3808210098259631,1.0,0.5515863491589852,0.5
XGBoost,0.8026471526271768,0.0014663378040182956,0.8035911138153199,0.8009607791785233,0.8048384656146439,0.8026856915745979,0.8011597129527995,0.6170830235661886,0.36764705882352944,0.007644181014206416,0.014976958525345621,0.4955327437149878
LightGBM,0.8143609491370173,0.0010977531000020788,0.8158786124975856,0.8130242205157803,0.8154291637596591,0.8138197240681784,0.8136530248438831,0.6281092410630312,0.5652230799424309,0.10160880609652836,0.17225223788353036,0.5244915455923309
CatBoost,0.7816569286449054,0.0012785407805442342,0.7839868034035963,0.7800754719125531,0.7815221715457248,0.7814871410715944,0.7812130552910581,0.6191789901740369,0.0,0.0,0.0,0.5317246173693948
