Model,CV_Mean,CV_Std,CV_Fold_1,CV_Fold_2,CV_Fold_3,CV_Fold_4,CV_Fold_5,Val_Accuracy,Val_Precision,Val_Recall,Val_F1,Val_ROC_AUC
Logistic Regression,0.9999999898403479,1.6275517310053827e-08,0.9999999972165377,1.0,0.9999999575521984,0.9999999944330032,1.0,0.9999940441447988,0.9999844015660828,1.0,0.9999922007222132,0.999999999849715
Random Forest,0.9999993277901915,6.484924732224804e-07,0.999998536594645,1.0,0.9999995094147526,0.9999985929415596,1.0,1.0,1.0,1.0,1.0,1.0
XGBoost,0.9999999100933049,4.542570445591429e-08,0.9999998531723586,0.9999999498976768,0.999999961727392,0.9999998594333308,0.999999926235766,0.9999344855927863,0.9999687992387014,0.9998596119049105,0.9999142025910818,0.9999999682898733
Naive Bayes,0.999963786195392,1.5755514798240295e-05,0.9999728396697991,0.999989653174406,0.9999456793395983,0.999952146095532,0.9999586126976244,0.9999642648687925,0.9999064166952616,1.0,0.9999532061580696,0.9999710965951789
KNN,0.9995586485828045,4.195268507099578e-05,0.9995177209523167,0.9996100021249508,0.9995470252444285,0.9996058952478045,0.9995125993445221,0.9962954580648236,0.997149569303054,0.9931365820178449,0.9951390299942169,0.9995843380228625
LightGBM,0.9999999905362188,1.6888756650053127e-08,0.9999999568563329,1.0,0.9999999993041343,0.999999996520627,1.0,1.0,1.0,1.0,1.0,0.9999999999999999
CatBoost,,,0.9999998023741699,1.0,0.9999999993041344,,1.0,1.0,1.0,1.0,1.0,1.0
